max_P,utility,inertia,reliability
10.72257635659195,2.094794007804428,0.8215,0.9600000000000006
10.722671084173937,2.094794007804428,0.8215,0.9600000000000006
10.722671084173937,2.094794007804428,0.8215,0.9600000000000006
10.722671084173937,2.094794007804428,0.8215,0.9600000000000006
10.722671084173937,2.094794007804428,0.8215,0.9600000000000006
